{
  "kind": "youtube#channelListResponse",
  "etag": "ahCbwE3h-dZ46pGvA_d37NS3pAs",
  "pageInfo": {
    "totalResults": 1,
    "resultsPerPage": 5
  },
  "items": [
    {
      "kind": "youtube#channel",
      "etag": "vXzqU0oVDLdk4SQxVthbMCu9y6s",
      "id": "UCx-KWLTKlB83hDI6UKECtJQ",
      "snippet": {
        "title": "HBO Max",
        "description": "HBO Max is the premium streaming platform that bundles together all of HBO with even more of your favorite movies and TV shows from Warner Bros. Discovery, New Line, DC, CNN, TNT, TBS, truTV, Turner Classic Movies, Cartoon Network, Adult Swim, Crunchyroll, Rooster Teeth, Looney Tunes, and much more. Enjoy all of this, plus an exciting lineup of new original programming with Max Originals, all in one place.",
        "customUrl": "@hbomax",
        "publishedAt": "2019-07-03T14:47:23Z",
        "thumbnails": {
          "default": {
            "url": "https://yt3.ggpht.com/TcXFMFkDeUN8pDqZ-2WShXiG6lXtpoRG2kfRMg3Nd9g947mESyRYqlWtwcoy9FyjiiLVLaTd=s88-c-k-c0x00ffffff-no-rj",
            "width": 88,
            "height": 88
          },
          "medium": {
            "url": "https://yt3.ggpht.com/TcXFMFkDeUN8pDqZ-2WShXiG6lXtpoRG2kfRMg3Nd9g947mESyRYqlWtwcoy9FyjiiLVLaTd=s240-c-k-c0x00ffffff-no-rj",
            "width": 240,
            "height": 240
          },
          "high": {
            "url": "https://yt3.ggpht.com/TcXFMFkDeUN8pDqZ-2WShXiG6lXtpoRG2kfRMg3Nd9g947mESyRYqlWtwcoy9FyjiiLVLaTd=s800-c-k-c0x00ffffff-no-rj",
            "width": 800,
            "height": 800
          }
        },
        "localized": {
          "title": "HBO Max",
          "description": "HBO Max is the premium streaming platform that bundles together all of HBO with even more of your favorite movies and TV shows from Warner Bros. Discovery, New Line, DC, CNN, TNT, TBS, truTV, Turner Classic Movies, Cartoon Network, Adult Swim, Crunchyroll, Rooster Teeth, Looney Tunes, and much more. Enjoy all of this, plus an exciting lineup of new original programming with Max Originals, all in one place."
        },
        "country": "US"
      }
    }
  ]
}
