{
  "kind": "youtube#videoListResponse",
  "etag": "zH5liZpcikYeNGcT2oxIQ3xsfoA",
  "items": [
    {
      "kind": "youtube#video",
      "etag": "MIl-Q4sYqh8lRN0hl_SLPKqFleE",
      "id": "gHzuabZUd6c",
      "snippet": {
        "publishedAt": "2022-09-24T19:59:59Z",
        "channelId": "UCX6OQ3DkcsbYNE6H8uQQuVA",
        "title": "Survive 100 Days In Circle, Win $500,000",
        "description": "🤑 Sign up for Venmo and use the code MRBEAST to get $20 (no code needed if signing up on desktop). Get Venmo → http://venmo.me/mrbeast \n\nNew Merch - https://shopmrbeast.com/\n\nSUBSCRIBE OR I TAKE YOUR DOG\n╔═╦╗╔╦╗╔═╦═╦╦╦╦╗╔═╗\n║╚╣║║║╚╣╚╣╔╣╔╣║╚╣═╣ \n╠╗║╚╝║║╠╗║╚╣║║║║║═╣\n╚═╩══╩═╩═╩═╩╝╚╩═╩═╝\n\n----------------------------------------------------------------\nfollow all of these or i will kick you\n• Facebook - https://www.facebook.com/MrBeast6000/\n• Twitter - https://twitter.com/MrBeast\n•  Instagram - https://www.instagram.com/mrbeast\n•  Im Hiring! - https://www.mrbeastjobs.com/\n--------------------------------------------------------------------\n\nGet Cash Machine by Oliver Tree here: https://lickd.lnk.to/niQ4VsID!mrbeast\nLicense ID: r5Rqad9DRze\nGet this and other songs for your next YouTube video at https://lickd.co",
        "thumbnails": {
          "default": {
            "url": "https://i.ytimg.com/vi/gHzuabZUd6c/default.jpg",
            "width": 120,
            "height": 90
          },
          "medium": {
            "url": "https://i.ytimg.com/vi/gHzuabZUd6c/mqdefault.jpg",
            "width": 320,
            "height": 180
          },
          "high": {
            "url": "https://i.ytimg.com/vi/gHzuabZUd6c/hqdefault.jpg",
            "width": 480,
            "height": 360
          },
          "standard": {
            "url": "https://i.ytimg.com/vi/gHzuabZUd6c/sddefault.jpg",
            "width": 640,
            "height": 480
          },
          "maxres": {
            "url": "https://i.ytimg.com/vi/gHzuabZUd6c/maxresdefault.jpg",
            "width": 1280,
            "height": 720
          }
        },
        "channelTitle": "MrBeast",
        "categoryId": "24",
        "liveBroadcastContent": "none",
        "localized": {
          "title": "Survive 100 Days In Circle, Win $500,000",
          "description": "🤑 Sign up for Venmo and use the code MRBEAST to get $20 (no code needed if signing up on desktop). Get Venmo → http://venmo.me/mrbeast \n\nNew Merch - https://shopmrbeast.com/\n\nSUBSCRIBE OR I TAKE YOUR DOG\n╔═╦╗╔╦╗╔═╦═╦╦╦╦╗╔═╗\n║╚╣║║║╚╣╚╣╔╣╔╣║╚╣═╣ \n╠╗║╚╝║║╠╗║╚╣║║║║║═╣\n╚═╩══╩═╩═╩═╩╝╚╩═╩═╝\n\n----------------------------------------------------------------\nfollow all of these or i will kick you\n• Facebook - https://www.facebook.com/MrBeast6000/\n• Twitter - https://twitter.com/MrBeast\n•  Instagram - https://www.instagram.com/mrbeast\n•  Im Hiring! - https://www.mrbeastjobs.com/\n--------------------------------------------------------------------\n\nGet Cash Machine by Oliver Tree here: https://lickd.lnk.to/niQ4VsID!mrbeast\nLicense ID: r5Rqad9DRze\nGet this and other songs for your next YouTube video at https://lickd.co"
        },
        "defaultAudioLanguage": "en-US"
      }
    },
    {
      "kind": "youtube#video",
      "etag": "nxfx3OYN21gCrUy-KykL2pTpUnw",
      "id": "qeo9iorAPj8",
      "snippet": {
        "publishedAt": "2022-09-25T14:00:33Z",
        "channelId": "UCnmGIkw-KdI0W5siakKPKog",
        "title": "I Built a Survival Shelter",
        "description": "i am survival\nshopify free trial - https://shopify.com/ryantrahan\nhowdy howdy pre-order - https://howdyhowdy.com",
        "thumbnails": {
          "default": {
            "url": "https://i.ytimg.com/vi/qeo9iorAPj8/default.jpg",
            "width": 120,
            "height": 90
          },
          "medium": {
            "url": "https://i.ytimg.com/vi/qeo9iorAPj8/mqdefault.jpg",
            "width": 320,
            "height": 180
          },
          "high": {
            "url": "https://i.ytimg.com/vi/qeo9iorAPj8/hqdefault.jpg",
            "width": 480,
            "height": 360
          }
        },
        "channelTitle": "Ryan Trahan",
        "tags": [
          "Ryan",
          "Trahan",
          "survival shelter",
          "I built",
          "solo overnight",
          "overnight",
          "solo"
        ],
        "categoryId": "24",
        "liveBroadcastContent": "none",
        "localized": {
          "title": "I Built a Survival Shelter",
          "description": "i am survival\nshopify free trial - https://shopify.com/ryantrahan\nhowdy howdy pre-order - https://howdyhowdy.com"
        },
        "defaultAudioLanguage": "en"
      }
    },
    {
      "kind": "youtube#video",
      "etag": "Y-jXkUqgkSqvWahz1-B_J73OPT4",
      "id": "HkDfIclJoHA",
      "snippet": {
        "publishedAt": "2022-09-25T15:00:20Z",
        "channelId": "UCto7D1L-MiRoOziCXK9uT5Q",
        "title": "I Broke Astroneer in Half Using Dynamite and Trains",
        "description": "Download and play One Punch Man - The Strongest NOW! https://bit.ly/OPMLGIO and don't forget to use my code OPMTS. Join over 1 million players to fight alongside Saitama and be a hero for fun!\n\nJOIN MY STREAMS! ► https://www.twitch.tv/letsgameitout\n\nMerch!  ► http://bit.ly/LetsGameItOutStore\n\nSubscribe if you enjoy! ► http://bit.ly/letsgameitout_show\n\nTwitter ► https://twitter.com/letsgameitout\nFacebook ► https://www.facebook.com/letsgameitout\n\nWant more LGIO?!\n\nMore Simulator Mayhem ► https://www.youtube.com/watch?v=UqaNKNgSxYI&list=PLrBjj4brdIRzn3ja4BfqYUForg0p-p5wi\n\nFunny Tycoon Games ► https://www.youtube.com/watch?v=UqaNKNgSxYI&list=PLrBjj4brdIRwf14QPGmfDXCQQrDs860ig\n\nThe Finest One-Offs ► https://www.youtube.com/watch?v=zIOFGCbwJSs&list=PLrBjj4brdIRwKf72d6spk7fSHhwwYuQu1\n\nSome Truly Bizarre Games  ► https://www.youtube.com/watch?v=zIOFGCbwJSs&list=PLrBjj4brdIRyM5mUsHwPN0PH6UVNfeNl2\n\n#LetsGameItOut #Survival #Astroneer\n\nI Broke Astroneer in Half Using Dynamite and Trains - Let's Game It Out\n\n----------\n\nCheck it out on Steam ► https://store.steampowered.com/app/361420/ASTRONEER/\n\nMore about Astroneer (from Steam):\n\nExplore and reshape distant worlds! Astroneer is set during the 25th century Intergalactic Age of Discovery, where Astroneers explore the frontiers of outer space, risking their lives in harsh environments to unearth rare discoveries and unlock the mysteries of the universe.\n\nIn this space sandbox adventure, players can work together to build custom bases above or below ground, create vehicles to explore a vast solar system, and use terrain to create anything they can imagine. A player’s creativity and ingenuity are the key to thriving on exciting planetary adventures! In Astroneer you can:\nReshape the ground under your feet as though it were made of clay.\n\nIn Astroneer, players use their deform tool to dig, collect, shape and build anything they wish. Use this ability to dig to the center of the planet, build a ramp into the sky, or make megaliths just by using terrain!\nSurvive on and explore carefully crafted planets that can be entirely deformed and traversed.\n\nOur vast solar system includes 7 wondrous planets that players can travel between and explore every inch of, from the entire spherical surface, through treacherous layers of caves, all the way down to the mysterious core. Each of those planets has unique and challenging surface and cave biomes that offer a multitude of challenges for players on their journey.\nSnap together components and objects to build bases and vehicles.\n\nItems that Astroneers craft and find in the world can all be snapped and connected together to create unique creations for any situation. Customize and decorate your bases, vehicles, and Astroneer.\nPlay with friends in 4 player online drop-in/drop-out co-op.\n\nAstroneer is better with friends. Group up with other players and work together to create massive industrial bases or to create fun games in the extensive creative sandbox.\nDiscover and uncover the mysteries of the solar system.\n\nOnce Astroneers are ready, they may choose to attempt to understand and possibly harness the power behind mysterious structures found in the world.",
        "thumbnails": {
          "default": {
            "url": "https://i.ytimg.com/vi/HkDfIclJoHA/default.jpg",
            "width": 120,
            "height": 90
          },
          "medium": {
            "url": "https://i.ytimg.com/vi/HkDfIclJoHA/mqdefault.jpg",
            "width": 320,
            "height": 180
          },
          "high": {
            "url": "https://i.ytimg.com/vi/HkDfIclJoHA/hqdefault.jpg",
            "width": 480,
            "height": 360
          },
          "standard": {
            "url": "https://i.ytimg.com/vi/HkDfIclJoHA/sddefault.jpg",
            "width": 640,
            "height": 480
          },
          "maxres": {
            "url": "https://i.ytimg.com/vi/HkDfIclJoHA/maxresdefault.jpg",
            "width": 1280,
            "height": 720
          }
        },
        "channelTitle": "Let's Game It Out",
        "tags": [
          "let's game it out",
          "lets game it out",
          "let game it out",
          "let'sgameitout",
          "letsgameitout",
          "letgameitout",
          "game it out",
          "gameitout",
          "lgio",
          "josh let's game it out",
          "let's game it out josh",
          "lgio josh",
          "josh lgio",
          "let's game it out simulator",
          "josh simulator",
          "funny moments",
          "astroneer",
          "astroneer game",
          "astroneer lgio",
          "lets game it out astroneer",
          "let's game it out astroneer",
          "broke the game",
          "broke astroneer",
          "hydroneer game"
        ],
        "categoryId": "20",
        "liveBroadcastContent": "none",
        "localized": {
          "title": "I Broke Astroneer in Half Using Dynamite and Trains",
          "description": "Download and play One Punch Man - The Strongest NOW! https://bit.ly/OPMLGIO and don't forget to use my code OPMTS. Join over 1 million players to fight alongside Saitama and be a hero for fun!\n\nJOIN MY STREAMS! ► https://www.twitch.tv/letsgameitout\n\nMerch!  ► http://bit.ly/LetsGameItOutStore\n\nSubscribe if you enjoy! ► http://bit.ly/letsgameitout_show\n\nTwitter ► https://twitter.com/letsgameitout\nFacebook ► https://www.facebook.com/letsgameitout\n\nWant more LGIO?!\n\nMore Simulator Mayhem ► https://www.youtube.com/watch?v=UqaNKNgSxYI&list=PLrBjj4brdIRzn3ja4BfqYUForg0p-p5wi\n\nFunny Tycoon Games ► https://www.youtube.com/watch?v=UqaNKNgSxYI&list=PLrBjj4brdIRwf14QPGmfDXCQQrDs860ig\n\nThe Finest One-Offs ► https://www.youtube.com/watch?v=zIOFGCbwJSs&list=PLrBjj4brdIRwKf72d6spk7fSHhwwYuQu1\n\nSome Truly Bizarre Games  ► https://www.youtube.com/watch?v=zIOFGCbwJSs&list=PLrBjj4brdIRyM5mUsHwPN0PH6UVNfeNl2\n\n#LetsGameItOut #Survival #Astroneer\n\nI Broke Astroneer in Half Using Dynamite and Trains - Let's Game It Out\n\n----------\n\nCheck it out on Steam ► https://store.steampowered.com/app/361420/ASTRONEER/\n\nMore about Astroneer (from Steam):\n\nExplore and reshape distant worlds! Astroneer is set during the 25th century Intergalactic Age of Discovery, where Astroneers explore the frontiers of outer space, risking their lives in harsh environments to unearth rare discoveries and unlock the mysteries of the universe.\n\nIn this space sandbox adventure, players can work together to build custom bases above or below ground, create vehicles to explore a vast solar system, and use terrain to create anything they can imagine. A player’s creativity and ingenuity are the key to thriving on exciting planetary adventures! In Astroneer you can:\nReshape the ground under your feet as though it were made of clay.\n\nIn Astroneer, players use their deform tool to dig, collect, shape and build anything they wish. Use this ability to dig to the center of the planet, build a ramp into the sky, or make megaliths just by using terrain!\nSurvive on and explore carefully crafted planets that can be entirely deformed and traversed.\n\nOur vast solar system includes 7 wondrous planets that players can travel between and explore every inch of, from the entire spherical surface, through treacherous layers of caves, all the way down to the mysterious core. Each of those planets has unique and challenging surface and cave biomes that offer a multitude of challenges for players on their journey.\nSnap together components and objects to build bases and vehicles.\n\nItems that Astroneers craft and find in the world can all be snapped and connected together to create unique creations for any situation. Customize and decorate your bases, vehicles, and Astroneer.\nPlay with friends in 4 player online drop-in/drop-out co-op.\n\nAstroneer is better with friends. Group up with other players and work together to create massive industrial bases or to create fun games in the extensive creative sandbox.\nDiscover and uncover the mysteries of the solar system.\n\nOnce Astroneers are ready, they may choose to attempt to understand and possibly harness the power behind mysterious structures found in the world."
        },
        "defaultAudioLanguage": "en"
      }
    },
    {
      "kind": "youtube#video",
      "etag": "HjRYXOsX5n_6GyPJTnsPRv6wmMw",
      "id": "IxWSdUxb1ns",
      "snippet": {
        "publishedAt": "2022-09-25T02:10:18Z",
        "channelId": "UCXwRxm0zS0jBNTMOVI6xZJw",
        "title": "Tropical Storm Ian update: Cone shifts west with rapid intensification expected | Recorded 7pm 9/25",
        "description": "Tropical Storm Ian continues to move through the Caribbean on its way to the Gulf of Mexico. On its current track, the system is expected to have an impact on the Gulf Coast next week.\r\n\r\nMore: https://www.khou.com/article/weather/hurricane/tracking-ian/285-46790bce-7189-49e5-adab-0b9516b971a4\n\nSubscribe to the KHOU 11 News YouTube Channel | https://bit.ly/2GCgSZ0\n\nKHOU Stands for Houston is our brand promise to celebrate everyday heroes, hold the powerful accountable and honor the core values of honesty and reliability. \n\nFollow KHOU 11 News on social!\nFACEBOOK: https://www.facebook.com/khou11\nTWITTER: https://www.twitter.com/khou\nINSTAGRAM: https://www.instagram.com/khou11\n\nVisit our website: https://www.khou11.com",
        "thumbnails": {
          "default": {
            "url": "https://i.ytimg.com/vi/IxWSdUxb1ns/default.jpg",
            "width": 120,
            "height": 90
          },
          "medium": {
            "url": "https://i.ytimg.com/vi/IxWSdUxb1ns/mqdefault.jpg",
            "width": 320,
            "height": 180
          },
          "high": {
            "url": "https://i.ytimg.com/vi/IxWSdUxb1ns/hqdefault.jpg",
            "width": 480,
            "height": 360
          },
          "standard": {
            "url": "https://i.ytimg.com/vi/IxWSdUxb1ns/sddefault.jpg",
            "width": 640,
            "height": 480
          }
        },
        "channelTitle": "KHOU 11",
        "tags": [
          "weather",
          "tropical storm ian",
          "tropical storm ian 2022",
          "hurricane season",
          "tracking the tropics",
          "tropical storm",
          "tropical storm ian path",
          "tropics update",
          "hurricane ian",
          "tropical storm in 2022 path",
          "tropical storm in philippines 2022",
          "tropical storm in texas 2022",
          "tropical storm in miami 2022",
          "hurricane season 2022 update"
        ],
        "categoryId": "25",
        "liveBroadcastContent": "none",
        "defaultLanguage": "en",
        "localized": {
          "title": "Tropical Storm Ian update: Cone shifts west with rapid intensification expected | Recorded 7pm 9/25",
          "description": "Tropical Storm Ian continues to move through the Caribbean on its way to the Gulf of Mexico. On its current track, the system is expected to have an impact on the Gulf Coast next week.\r\n\r\nMore: https://www.khou.com/article/weather/hurricane/tracking-ian/285-46790bce-7189-49e5-adab-0b9516b971a4\n\nSubscribe to the KHOU 11 News YouTube Channel | https://bit.ly/2GCgSZ0\n\nKHOU Stands for Houston is our brand promise to celebrate everyday heroes, hold the powerful accountable and honor the core values of honesty and reliability. \n\nFollow KHOU 11 News on social!\nFACEBOOK: https://www.facebook.com/khou11\nTWITTER: https://www.twitter.com/khou\nINSTAGRAM: https://www.instagram.com/khou11\n\nVisit our website: https://www.khou11.com"
        },
        "defaultAudioLanguage": "en"
      }
    },
    {
      "kind": "youtube#video",
      "etag": "stIFYVpXZI_ujKQ81fQ9rUAwDPI",
      "id": "zwa7NzNBQig",
      "snippet": {
        "publishedAt": "2022-09-23T04:00:19Z",
        "channelId": "UCmlkznD61Olu82oYGFr8gxg",
        "title": "GloRilla, Cardi B - Tomorrow 2 (Official Music Video)",
        "description": "Stream #Tomorrow2' here: \nhttps://GloRilla.lnk.to/Tomorrow2\n\nFollow #GloRilla:\nInstagram: https://www.instagram.com/glorillapimp/\nTikTok: https://www.tiktok.com/t/ZTR6WV6SC/\nFacebook: https://www.facebook.com/gloyaltygirl\nTwitter: https://twitter.com/GloTheofficial\nFollow #CardiB:\nInstagram: https://www.instagram.com/iamcardib/\nTikTok: https://www.tiktok.com/@iamcardib\nFacebook: https://www.facebook.com/cardib\nTwitter: https://twitter.com/iamcardib/\n\n#Tomorrow2 #GloRilla #CardiB\n\nMusic video by GloRilla, Cardi B performing Tomorrow 2. © 2022 CMG Enterprises/Interscope Records\n\nhttp://vevo.ly/JKU3ao",
        "thumbnails": {
          "default": {
            "url": "https://i.ytimg.com/vi/zwa7NzNBQig/default.jpg",
            "width": 120,
            "height": 90
          },
          "medium": {
            "url": "https://i.ytimg.com/vi/zwa7NzNBQig/mqdefault.jpg",
            "width": 320,
            "height": 180
          },
          "high": {
            "url": "https://i.ytimg.com/vi/zwa7NzNBQig/hqdefault.jpg",
            "width": 480,
            "height": 360
          }
        },
        "channelTitle": "GloRillaVEVO",
        "tags": [
          "GloRilla",
          "Cardi",
          "Tomorrow",
          "CMG/Interscope",
          "Records",
          "Hip",
          "Hop"
        ],
        "categoryId": "10",
        "liveBroadcastContent": "none",
        "localized": {
          "title": "GloRilla, Cardi B - Tomorrow 2 (Official Music Video)",
          "description": "Stream #Tomorrow2' here: \nhttps://GloRilla.lnk.to/Tomorrow2\n\nFollow #GloRilla:\nInstagram: https://www.instagram.com/glorillapimp/\nTikTok: https://www.tiktok.com/t/ZTR6WV6SC/\nFacebook: https://www.facebook.com/gloyaltygirl\nTwitter: https://twitter.com/GloTheofficial\nFollow #CardiB:\nInstagram: https://www.instagram.com/iamcardib/\nTikTok: https://www.tiktok.com/@iamcardib\nFacebook: https://www.facebook.com/cardib\nTwitter: https://twitter.com/iamcardib/\n\n#Tomorrow2 #GloRilla #CardiB\n\nMusic video by GloRilla, Cardi B performing Tomorrow 2. © 2022 CMG Enterprises/Interscope Records\n\nhttp://vevo.ly/JKU3ao"
        },
        "defaultAudioLanguage": "en"
      }
    },
    {
      "kind": "youtube#video",
      "etag": "HUXR4I9qqqflX1qTmrBrKKom9r4",
      "id": "4fikvcuirtY",
      "snippet": {
        "publishedAt": "2022-09-25T11:07:59Z",
        "channelId": "UCS_hnpJLQTvBkqALgapi_4g",
        "title": "BLACKPINK(블랙핑크) - Shut Down @인기가요 inkigayo 20220925",
        "description": "BLACKPINK - Shut Down #SBSInkigayo_EP1155\n블랙핑크 - Shut Down #BLACKPINK #ShutDown\n\nSBS Inkigayo(인기가요) is a Korean music program broadcast by SBS. \n\nThe show features some of K-pop artists’ performance every Sunday.\nCheck out this week’s Inkigayo Line up and meet your favorite artist!\n🔗bit.ly/3epKoUp",
        "thumbnails": {
          "default": {
            "url": "https://i.ytimg.com/vi/4fikvcuirtY/default.jpg",
            "width": 120,
            "height": 90
          },
          "medium": {
            "url": "https://i.ytimg.com/vi/4fikvcuirtY/mqdefault.jpg",
            "width": 320,
            "height": 180
          },
          "high": {
            "url": "https://i.ytimg.com/vi/4fikvcuirtY/hqdefault.jpg",
            "width": 480,
            "height": 360
          }
        },
        "channelTitle": "스브스케이팝 X INKIGAYO",
        "tags": [
          "Inkigayo",
          "인기가요직캠",
          "안방1열직캠",
          "스브스케이팝",
          "스브스 직캠",
          "인기가요",
          "인가",
          "음방",
          "음악방송",
          "블랙핑크",
          "BLACKPINK",
          "Shut Down",
          "블랙핑크 컴백",
          "블랙핑크 정규",
          "블랙핑크 인기가요",
          "블랙핑크 인가",
          "블랙핑크 무대",
          "블랙핑크 안무",
          "블랙핑크 직캠",
          "블랙핑크 페이스캠",
          "블랙핑크 풀캠",
          "블랙핑크 신곡",
          "핑크베놈",
          "셧다운",
          "지수",
          "제니",
          "로제",
          "리사",
          "JISOO",
          "JENNIE",
          "ROSÉ",
          "LISA"
        ],
        "categoryId": "24",
        "liveBroadcastContent": "none",
        "defaultLanguage": "ko",
        "localized": {
          "title": "BLACKPINK(블랙핑크) - Shut Down @인기가요 inkigayo 20220925",
          "description": "BLACKPINK - Shut Down #SBSInkigayo_EP1155\n블랙핑크 - Shut Down #BLACKPINK #ShutDown\n\nSBS Inkigayo(인기가요) is a Korean music program broadcast by SBS. \n\nThe show features some of K-pop artists’ performance every Sunday.\nCheck out this week’s Inkigayo Line up and meet your favorite artist!\n🔗bit.ly/3epKoUp"
        },
        "defaultAudioLanguage": "ko"
      }
    },
    {
      "kind": "youtube#video",
      "etag": "aJDlNO4a2o0IYTaqZO46baXoRLo",
      "id": "gl3bY6vME4w",
      "snippet": {
        "publishedAt": "2022-09-25T14:01:28Z",
        "channelId": "UC6107grRI4m0o2-emgoDnAA",
        "title": "It Sinks FAST! Patrol With the US Coast Guard in Destin, FL - Smarter Every Day 277",
        "description": "Go to https://brilliant.org/smartereveryday to sign up for free & the first 200 people get 20% off an annual premium subscription\n\nClick here if you're interested in subscribing: http://bit.ly/Subscribe2SED\n⇊  Click below for more links!  ⇊\n~~~~~~~~~~~~~~~~~~~~~~~~~~~~\nGET SMARTER SECTION\n(The Coast Guard didn't ask me to put their recruiting page here, but I thought it was appropriate)\n\nhttps://www.gocoastguard.com/Careers?gclid=Cj0KCQjw1bqZBhDXARIsANTjCPIF8Y1AwlmPJLcUkprbugczXgWDv3RLvDVQpO04ILQy90-vTWlzcskaAr_qEALw_wcB\n\n~~~~~~~~~~~~~~~~~~~~~~~~~~~~\nTweet Ideas to me at:\nhttp://twitter.com/smartereveryday\n\nSmarter Every Day on Facebook\nhttps://www.facebook.com/SmarterEveryDay\n\nSmarter Every Day on Patreon\nhttp://www.patreon.com/smartereveryday\n\nSmarter Every Day On Instagram\nhttp://www.instagram.com/smartereveryday\n\nSmarter Every Day SubReddit\nhttp://www.reddit.com/r/smartereveryday\n\nAmbiance, audio and musicy things by: Gordon McGladdery \nhttps://www.ashellinthepit.com/\nhttp://ashellinthepit.bandcamp.com/\n\nIf you feel like this video was worth your time and added value to your life, please SHARE THE VIDEO!\n\nIf you REALLY liked it, feel free to pitch a few dollars Smarter Every Day by becoming a Patron.\nhttp://www.patreon.com/smartereveryday\n\nWarm Regards,\n\nDestin",
        "thumbnails": {
          "default": {
            "url": "https://i.ytimg.com/vi/gl3bY6vME4w/default.jpg",
            "width": 120,
            "height": 90
          },
          "medium": {
            "url": "https://i.ytimg.com/vi/gl3bY6vME4w/mqdefault.jpg",
            "width": 320,
            "height": 180
          },
          "high": {
            "url": "https://i.ytimg.com/vi/gl3bY6vME4w/hqdefault.jpg",
            "width": 480,
            "height": 360
          },
          "standard": {
            "url": "https://i.ytimg.com/vi/gl3bY6vME4w/sddefault.jpg",
            "width": 640,
            "height": 480
          },
          "maxres": {
            "url": "https://i.ytimg.com/vi/gl3bY6vME4w/maxresdefault.jpg",
            "width": 1280,
            "height": 720
          }
        },
        "channelTitle": "SmarterEveryDay",
        "tags": [
          "Smarter",
          "Every",
          "Day",
          "Science",
          "Physics",
          "Destin",
          "Sandlin",
          "Education",
          "Math",
          "Smarter Every Day",
          "experiment",
          "nature",
          "demonstration",
          "slow",
          "motion",
          "slow motion",
          "education",
          "math",
          "science",
          "science education",
          "what is science",
          "Physics of",
          "projects",
          "experiments",
          "science projects",
          "Coast Guard",
          "US Coast Guard",
          "Rescue Patrol",
          "Patrol",
          "Boating",
          "Rescue",
          "Boat Rescue",
          "Sinking Boat",
          "Boat Wreck",
          "Police"
        ],
        "categoryId": "28",
        "liveBroadcastContent": "none",
        "defaultLanguage": "en",
        "localized": {
          "title": "It Sinks FAST! Patrol With the US Coast Guard in Destin, FL - Smarter Every Day 277",
          "description": "Go to https://brilliant.org/smartereveryday to sign up for free & the first 200 people get 20% off an annual premium subscription\n\nClick here if you're interested in subscribing: http://bit.ly/Subscribe2SED\n⇊  Click below for more links!  ⇊\n~~~~~~~~~~~~~~~~~~~~~~~~~~~~\nGET SMARTER SECTION\n(The Coast Guard didn't ask me to put their recruiting page here, but I thought it was appropriate)\n\nhttps://www.gocoastguard.com/Careers?gclid=Cj0KCQjw1bqZBhDXARIsANTjCPIF8Y1AwlmPJLcUkprbugczXgWDv3RLvDVQpO04ILQy90-vTWlzcskaAr_qEALw_wcB\n\n~~~~~~~~~~~~~~~~~~~~~~~~~~~~\nTweet Ideas to me at:\nhttp://twitter.com/smartereveryday\n\nSmarter Every Day on Facebook\nhttps://www.facebook.com/SmarterEveryDay\n\nSmarter Every Day on Patreon\nhttp://www.patreon.com/smartereveryday\n\nSmarter Every Day On Instagram\nhttp://www.instagram.com/smartereveryday\n\nSmarter Every Day SubReddit\nhttp://www.reddit.com/r/smartereveryday\n\nAmbiance, audio and musicy things by: Gordon McGladdery \nhttps://www.ashellinthepit.com/\nhttp://ashellinthepit.bandcamp.com/\n\nIf you feel like this video was worth your time and added value to your life, please SHARE THE VIDEO!\n\nIf you REALLY liked it, feel free to pitch a few dollars Smarter Every Day by becoming a Patron.\nhttp://www.patreon.com/smartereveryday\n\nWarm Regards,\n\nDestin"
        },
        "defaultAudioLanguage": "en"
      }
    },
    {
      "kind": "youtube#video",
      "etag": "JdAev6BnoQqiNsFN707WEJqGjFQ",
      "id": "ph3DDl8fDcQ",
      "snippet": {
        "publishedAt": "2022-09-24T23:19:05Z",
        "channelId": "UCepPGz8AVCbggMl3BvboaBA",
        "title": "Brewstew - Scariest Roller Coasters",
        "description": "And of course, the video about when I actually did get stuck on a roller coaster\nhttps://www.youtube.com/watch?v=nXvo1oRqCfE\n\nMerch Store:\nhttps://teespring.com/stores/brewstew\n\nSpecial Thanks to the people that support me on Patreon!\nhttps://www.patreon.com/brewstew\n\nBrewstew.com\n\nFan Mail:\nP.O. Box 1\nLambertville, MI\n48144\n\nMusic:\nHidden Agenda Kevin MacLeod (incompetech.com) \nLicensed under Creative Commons: By Attribution 3.0\nhttp://creativecommons.org/licenses/b...\n\nEnd Music by Mark Jay\n\nSound Effects:\nhttp://www.freesfx.co.uk/",
        "thumbnails": {
          "default": {
            "url": "https://i.ytimg.com/vi/ph3DDl8fDcQ/default.jpg",
            "width": 120,
            "height": 90
          },
          "medium": {
            "url": "https://i.ytimg.com/vi/ph3DDl8fDcQ/mqdefault.jpg",
            "width": 320,
            "height": 180
          },
          "high": {
            "url": "https://i.ytimg.com/vi/ph3DDl8fDcQ/hqdefault.jpg",
            "width": 480,
            "height": 360
          },
          "standard": {
            "url": "https://i.ytimg.com/vi/ph3DDl8fDcQ/sddefault.jpg",
            "width": 640,
            "height": 480
          }
        },
        "channelTitle": "brewstewfilms",
        "tags": [
          "brewstew",
          "roller coaster",
          "rollercoaster",
          "cedar point",
          "sandusky",
          "cartoon",
          "flash animation",
          "animation",
          "magnum",
          "millennium force",
          "top thrill dragster",
          "amusement park",
          "theme park",
          "stick figure",
          "storytime",
          "funny story",
          "scariest",
          "scariest roller coasters",
          "tallest roller coasters"
        ],
        "categoryId": "23",
        "liveBroadcastContent": "none",
        "localized": {
          "title": "Brewstew - Scariest Roller Coasters",
          "description": "And of course, the video about when I actually did get stuck on a roller coaster\nhttps://www.youtube.com/watch?v=nXvo1oRqCfE\n\nMerch Store:\nhttps://teespring.com/stores/brewstew\n\nSpecial Thanks to the people that support me on Patreon!\nhttps://www.patreon.com/brewstew\n\nBrewstew.com\n\nFan Mail:\nP.O. Box 1\nLambertville, MI\n48144\n\nMusic:\nHidden Agenda Kevin MacLeod (incompetech.com) \nLicensed under Creative Commons: By Attribution 3.0\nhttp://creativecommons.org/licenses/b...\n\nEnd Music by Mark Jay\n\nSound Effects:\nhttp://www.freesfx.co.uk/"
        },
        "defaultAudioLanguage": "en"
      }
    },
    {
      "kind": "youtube#video",
      "etag": "nauZXQoffTcfP0DdnGs1BSR2vhY",
      "id": "H2fHTJZqaKA",
      "snippet": {
        "publishedAt": "2022-09-24T17:00:07Z",
        "channelId": "UCSUf5_EPEfl4zlBKZHkZdmw",
        "title": "The Insane Story Of The Most Dangerous Movie Ever Made",
        "description": "Thanks to ExpressVPN for sponsoring this video! Go to https://expressvpn.com/dannygonzalez and find out how you can get 3 months of ExpressVPN free!\n\nedited by Jake Mayer https://www.instagram.com/jakeshotfriend/\n\nMERCH ► http://dannygonzalez.store\n\nFollow Me\nSECOND CHANNEL ► https://www.youtube.com/c/2Danny2Furious\nGAMING CHANNEL ► https://www.youtube.com/channel/UC2mQG51F8wu7njF84D-49cA\nINSTAGRAM ► https://www.instagram.com/dannygonzalez/\nTWITTER ► https://twitter.com/dannygonzalez\nTWITCH ► https://twitch.tv/dannygoonzalez\nSPOTIFY ► https://open.spotify.com/artist/6pDkmNhHCLh7YEb3sXceOs?si=8ZpMgF41SoufOS1UZ4vbkg\n\nSubmit a video topic https://forms.gle/VNa9Tq6Ncok8RWjN9",
        "thumbnails": {
          "default": {
            "url": "https://i.ytimg.com/vi/H2fHTJZqaKA/default.jpg",
            "width": 120,
            "height": 90
          },
          "medium": {
            "url": "https://i.ytimg.com/vi/H2fHTJZqaKA/mqdefault.jpg",
            "width": 320,
            "height": 180
          },
          "high": {
            "url": "https://i.ytimg.com/vi/H2fHTJZqaKA/hqdefault.jpg",
            "width": 480,
            "height": 360
          },
          "standard": {
            "url": "https://i.ytimg.com/vi/H2fHTJZqaKA/sddefault.jpg",
            "width": 640,
            "height": 480
          },
          "maxres": {
            "url": "https://i.ytimg.com/vi/H2fHTJZqaKA/maxresdefault.jpg",
            "width": 1280,
            "height": 720
          }
        },
        "channelTitle": "Danny Gonzalez",
        "tags": [
          "danny gonzalez",
          "funny",
          "commentary",
          "comedy",
          "react",
          "reaction",
          "reacting",
          "awful",
          "humor"
        ],
        "categoryId": "23",
        "liveBroadcastContent": "none",
        "localized": {
          "title": "The Insane Story Of The Most Dangerous Movie Ever Made",
          "description": "Thanks to ExpressVPN for sponsoring this video! Go to https://expressvpn.com/dannygonzalez and find out how you can get 3 months of ExpressVPN free!\n\nedited by Jake Mayer https://www.instagram.com/jakeshotfriend/\n\nMERCH ► http://dannygonzalez.store\n\nFollow Me\nSECOND CHANNEL ► https://www.youtube.com/c/2Danny2Furious\nGAMING CHANNEL ► https://www.youtube.com/channel/UC2mQG51F8wu7njF84D-49cA\nINSTAGRAM ► https://www.instagram.com/dannygonzalez/\nTWITTER ► https://twitter.com/dannygonzalez\nTWITCH ► https://twitch.tv/dannygoonzalez\nSPOTIFY ► https://open.spotify.com/artist/6pDkmNhHCLh7YEb3sXceOs?si=8ZpMgF41SoufOS1UZ4vbkg\n\nSubmit a video topic https://forms.gle/VNa9Tq6Ncok8RWjN9"
        },
        "defaultAudioLanguage": "en"
      }
    },
    {
      "kind": "youtube#video",
      "etag": "4Y7YhK_DpXQ5Bzl1Bp0L6tLk3ig",
      "id": "jCNzL74ESkM",
      "snippet": {
        "publishedAt": "2022-09-25T03:09:52Z",
        "channelId": "UCD9nZ3qeRGbPuHJaJduiQxA",
        "title": "Tropical Storm Ian 11 p.m. update",
        "description": "Tropical Storm Ian 11 p.m. update\n\nSubscribe to WESH on YouTube now for more: http://bit.ly/1dqr14j\n\nGet more Orlando news: http://www.wesh.com\nLike us: http://facebook.com/wesh2news\nFollow us: http://twitter.com/wesh\nInstagram: https://www.instagram.com/wesh2/",
        "thumbnails": {
          "default": {
            "url": "https://i.ytimg.com/vi/jCNzL74ESkM/default.jpg",
            "width": 120,
            "height": 90
          },
          "medium": {
            "url": "https://i.ytimg.com/vi/jCNzL74ESkM/mqdefault.jpg",
            "width": 320,
            "height": 180
          },
          "high": {
            "url": "https://i.ytimg.com/vi/jCNzL74ESkM/hqdefault.jpg",
            "width": 480,
            "height": 360
          }
        },
        "channelTitle": "WESH 2 News",
        "tags": ["Orlando"],
        "categoryId": "25",
        "liveBroadcastContent": "none",
        "defaultLanguage": "en",
        "localized": {
          "title": "Tropical Storm Ian 11 p.m. update",
          "description": "Tropical Storm Ian 11 p.m. update\n\nSubscribe to WESH on YouTube now for more: http://bit.ly/1dqr14j\n\nGet more Orlando news: http://www.wesh.com\nLike us: http://facebook.com/wesh2news\nFollow us: http://twitter.com/wesh\nInstagram: https://www.instagram.com/wesh2/"
        }
      }
    },
    {
      "kind": "youtube#video",
      "etag": "orSTHabSKIljws9_Le6Zbh55uP8",
      "id": "_snnKw-EywM",
      "snippet": {
        "publishedAt": "2022-09-24T14:00:51Z",
        "channelId": "UCRijo3ddMTht_IHyNSNXpNQ",
        "title": "Archery World Records",
        "description": "Our most INSANE world records yet!! Special thanks to Bass Pro Shops for sponsoring this video! Head to http://basspro.com/ for all your outdoor needs!\n► Thanks for subscribing! - http://bit.ly/SubDudePerfect\n\n► Watch more Archery Trick Shots from James: https://www.youtube.com/c/JamesJeanoutdoor\n\nClick HERE to get your copy of 2023 Guinness World Record Book: \n► https://www.guinnessworldrecords.com/products/books/guinness-world-records-2023\n\nSail to the Bahamas w/ us on the DUDE PERFECT CRUISE! ► https://www.dudeperfectcruise.com/\n\nMusic by Knives At Sea: \"Come and Get It\"\n► INSTAGRAM: @knivesatsea\n► APPLE MUSIC: https://music.apple.com/gb/artist/knives-at-sea/1495302840\n► SPOTIFY: https://open.spotify.com/artist/2VZYuo718BYqHH2WW9qfNh?si=VK5i_4znQsCBsIfPkuAYSw\n► YOUTUBE: https://www.youtube.com/knivesatsea\n\nNEXT LEVEL STUFF \n-------------------------------------------\n🎒 NEW Merch - http://bit.ly/DPStore\n📱 Text us - (469) 205-7005\n🔔 Hit the bell next to Subscribe so you don't miss a video!\n👨🏻\u200d💻 Watch our newest vids! - http://bit.ly/NewDPVids\n📕 Read our Book - \"101 Tips, Tricks and Cool Stuff\" - https://bit.ly/NewDPBook\n\nFollow our Instagrams so we can be best friends \n-------------------------------------------\n🏆 http://Instagram.com/DudePerfect\n🧔🏻 http://Instagram.com/TylerNToney\n👱🏻\u200d♂️ http://Instagram.com/Cody_Jones_\n🙋🏻\u200d♂️ http://Instagram.com/CobyCotton\n👨\u200d🦰 http://Instagram.com/GarrettHilbert\n⛹🏻\u200d♂️ http://Instagram.com/CoryCotton\n-------------------------------------------\n“Come and Get It”\nPerformed by Knives at Sea\nCourtesy of Ninja Tune Production Music\nWritten by Ozzie Rodgers\n© Ninja Tune Production Music\n-------------------------------------------\nBonus points if you're still reading this! \nComment: What world record we should break next?\n\nClick here to learn more about Dude Perfect:\nhttp://bit.ly/AboutDudePerfect\n\nAs always...Go Big and God Bless!\n- Your friends at Dude Perfect\n\nBusiness or Media, please contact us at: \nDude@DudePerfect.com\n\n------------\n\n5 Best Friends and a Panda.\nIf you like Sports + Comedy, come join the Dude Perfect team!\n\nBest known for trick shots, stereotypes, battles, bottle flips, ping pong shots and all-around competitive fun, Dude Perfect prides ourselves in making the absolute best family-friendly entertainment possible! Welcome to the crew! \n\nPound it 👊🏻 Noggin 🙇🏻\u200d♂️ \n- Dude Perfect",
        "thumbnails": {
          "default": {
            "url": "https://i.ytimg.com/vi/_snnKw-EywM/default.jpg",
            "width": 120,
            "height": 90
          },
          "medium": {
            "url": "https://i.ytimg.com/vi/_snnKw-EywM/mqdefault.jpg",
            "width": 320,
            "height": 180
          },
          "high": {
            "url": "https://i.ytimg.com/vi/_snnKw-EywM/hqdefault.jpg",
            "width": 480,
            "height": 360
          },
          "standard": {
            "url": "https://i.ytimg.com/vi/_snnKw-EywM/sddefault.jpg",
            "width": 640,
            "height": 480
          },
          "maxres": {
            "url": "https://i.ytimg.com/vi/_snnKw-EywM/maxresdefault.jpg",
            "width": 1280,
            "height": 720
          }
        },
        "channelTitle": "Dude Perfect",
        "tags": [
          "dude perfect",
          "dude perfect stereotypes",
          "dude perfect water bottle flip",
          "bottle flip",
          "water bottle flip",
          "dude perfect bottle flip",
          "dude perfect basketball",
          "dp",
          "dude perfect world record",
          "edition",
          "nerf",
          "trick shots",
          "trick shot",
          "family",
          "ping pong",
          "bowling",
          "clean",
          "family friendly",
          "bubble wrap",
          "soccer",
          "football",
          "spinner",
          "spinners",
          "fidget spinners",
          "dude",
          "archery",
          "world",
          "records",
          "bow",
          "and",
          "arrow",
          "james",
          "jean",
          "michael",
          "empric",
          "guiness",
          "record",
          "mirror",
          "curve",
          "curving arrow",
          "viral",
          "trending",
          "target",
          "longest"
        ],
        "categoryId": "17",
        "liveBroadcastContent": "none",
        "localized": {
          "title": "Archery World Records",
          "description": "Our most INSANE world records yet!! Special thanks to Bass Pro Shops for sponsoring this video! Head to http://basspro.com/ for all your outdoor needs!\n► Thanks for subscribing! - http://bit.ly/SubDudePerfect\n\n► Watch more Archery Trick Shots from James: https://www.youtube.com/c/JamesJeanoutdoor\n\nClick HERE to get your copy of 2023 Guinness World Record Book: \n► https://www.guinnessworldrecords.com/products/books/guinness-world-records-2023\n\nSail to the Bahamas w/ us on the DUDE PERFECT CRUISE! ► https://www.dudeperfectcruise.com/\n\nMusic by Knives At Sea: \"Come and Get It\"\n► INSTAGRAM: @knivesatsea\n► APPLE MUSIC: https://music.apple.com/gb/artist/knives-at-sea/1495302840\n► SPOTIFY: https://open.spotify.com/artist/2VZYuo718BYqHH2WW9qfNh?si=VK5i_4znQsCBsIfPkuAYSw\n► YOUTUBE: https://www.youtube.com/knivesatsea\n\nNEXT LEVEL STUFF \n-------------------------------------------\n🎒 NEW Merch - http://bit.ly/DPStore\n📱 Text us - (469) 205-7005\n🔔 Hit the bell next to Subscribe so you don't miss a video!\n👨🏻\u200d💻 Watch our newest vids! - http://bit.ly/NewDPVids\n📕 Read our Book - \"101 Tips, Tricks and Cool Stuff\" - https://bit.ly/NewDPBook\n\nFollow our Instagrams so we can be best friends \n-------------------------------------------\n🏆 http://Instagram.com/DudePerfect\n🧔🏻 http://Instagram.com/TylerNToney\n👱🏻\u200d♂️ http://Instagram.com/Cody_Jones_\n🙋🏻\u200d♂️ http://Instagram.com/CobyCotton\n👨\u200d🦰 http://Instagram.com/GarrettHilbert\n⛹🏻\u200d♂️ http://Instagram.com/CoryCotton\n-------------------------------------------\n“Come and Get It”\nPerformed by Knives at Sea\nCourtesy of Ninja Tune Production Music\nWritten by Ozzie Rodgers\n© Ninja Tune Production Music\n-------------------------------------------\nBonus points if you're still reading this! \nComment: What world record we should break next?\n\nClick here to learn more about Dude Perfect:\nhttp://bit.ly/AboutDudePerfect\n\nAs always...Go Big and God Bless!\n- Your friends at Dude Perfect\n\nBusiness or Media, please contact us at: \nDude@DudePerfect.com\n\n------------\n\n5 Best Friends and a Panda.\nIf you like Sports + Comedy, come join the Dude Perfect team!\n\nBest known for trick shots, stereotypes, battles, bottle flips, ping pong shots and all-around competitive fun, Dude Perfect prides ourselves in making the absolute best family-friendly entertainment possible! Welcome to the crew! \n\nPound it 👊🏻 Noggin 🙇🏻\u200d♂️ \n- Dude Perfect"
        },
        "defaultAudioLanguage": "en"
      }
    },
    {
      "kind": "youtube#video",
      "etag": "ySyzMyfQu_Ni67yoOYwEfVtduIs",
      "id": "oDjbH-b4WHw",
      "snippet": {
        "publishedAt": "2022-09-25T14:00:32Z",
        "channelId": "UCGnSHwhOAczNqhGDiYt0Q8g",
        "title": "i became a cowboy for 24 hours",
        "description": "howdy merch pre-order - https://howdyhowdy.com",
        "thumbnails": {
          "default": {
            "url": "https://i.ytimg.com/vi/oDjbH-b4WHw/default.jpg",
            "width": 120,
            "height": 90
          },
          "medium": {
            "url": "https://i.ytimg.com/vi/oDjbH-b4WHw/mqdefault.jpg",
            "width": 320,
            "height": 180
          },
          "high": {
            "url": "https://i.ytimg.com/vi/oDjbH-b4WHw/hqdefault.jpg",
            "width": 480,
            "height": 360
          },
          "standard": {
            "url": "https://i.ytimg.com/vi/oDjbH-b4WHw/sddefault.jpg",
            "width": 640,
            "height": 480
          },
          "maxres": {
            "url": "https://i.ytimg.com/vi/oDjbH-b4WHw/maxresdefault.jpg",
            "width": 1280,
            "height": 720
          }
        },
        "channelTitle": "ryan trahan",
        "tags": ["ryan trahan", "gamerboy ryan"],
        "categoryId": "24",
        "liveBroadcastContent": "none",
        "localized": {
          "title": "i became a cowboy for 24 hours",
          "description": "howdy merch pre-order - https://howdyhowdy.com"
        }
      }
    },
    {
      "kind": "youtube#video",
      "etag": "NirlHZgQzRQmaQvgX274Alv1dus",
      "id": "yTL_-OR-etM",
      "snippet": {
        "publishedAt": "2022-09-25T15:00:01Z",
        "channelId": "UCLkAepWjdylmXSltofFvsYQ",
        "title": "Me, Myself, and Jimin ‘ID : Chaos’ Mood Sampler",
        "description": "Me, Myself, and Jimin ‘ID : Chaos’ Mood Sampler\n#Photo_Folio #Jimin #BTS #방탄소년단\n\nArtist & Creator : Jimin\n\nProduction : Artist Contents Studio (HYBE 360)\nContents Creative : Bang Woo Jung\nPhoto-Folio Creative : \u200bKim Su Rin\nContents Director : \u200bJang Jeong In\nContents Coordinator: Sung Jang Soon\nContents Editor : Kim Su Rin, Kim Bom Saem\n\nCONTENTS PRODUCTION : PLAY COMPANY corp.\nCamera : Lee Jae Woong, Kim Dae Yong (PLAY COMPANY), Jang Hey Min, Jeong Ji Won (HYBE 360)\nPD : Lee So Jin, Kim Yun Su, Sunu Yun Jun\nAD : Lee Eun Jin\nVideo Edit : Sunu Yun Jun\n\n\nConnect with BTS: \nhttps://ibighit.com/bts \nhttp://twitter.com/BTS_bighit\nhttp://twitter.com/BTS_twt \nhttp://www.facebook.com/bangtan.official \nhttps://www.youtube.com/user/BANGTANTV \nhttp://instagram.com/BTS.bighitofficial \nhttps://channels.vlive.tv/FE619 \nhttps://www.tiktok.com/@bts_official_bighit\nhttps://weverse.onelink.me/qt3S/94808190\nhttps://www.weibo.com/BTSbighit\nhttps://www.weibo.com/BTSmembers \nhttp://i.youku.com/btsofficial \nhttp://btsblog.ibighit.com",
        "thumbnails": {
          "default": {
            "url": "https://i.ytimg.com/vi/yTL_-OR-etM/default.jpg",
            "width": 120,
            "height": 90
          },
          "medium": {
            "url": "https://i.ytimg.com/vi/yTL_-OR-etM/mqdefault.jpg",
            "width": 320,
            "height": 180
          },
          "high": {
            "url": "https://i.ytimg.com/vi/yTL_-OR-etM/hqdefault.jpg",
            "width": 480,
            "height": 360
          }
        },
        "channelTitle": "BANGTANTV",
        "tags": [
          "방탄소년단",
          "BTS",
          "BANGTAN",
          "알엠",
          "RM",
          "슈가",
          "SUGA",
          "제이홉",
          "jhope",
          "지민",
          "정국",
          "k-pop",
          "방탄",
          "j-hope",
          "Jung Kook",
          "Jimin",
          "BTS V",
          "Jin"
        ],
        "categoryId": "10",
        "liveBroadcastContent": "none",
        "defaultLanguage": "ko",
        "localized": {
          "title": "Me, Myself, and Jimin ‘ID : Chaos’ Mood Sampler",
          "description": "Me, Myself, and Jimin ‘ID : Chaos’ Mood Sampler\n#Photo_Folio #Jimin #BTS #방탄소년단\n\nArtist & Creator : Jimin\n\nProduction : Artist Contents Studio (HYBE 360)\nContents Creative : Bang Woo Jung\nPhoto-Folio Creative : \u200bKim Su Rin\nContents Director : \u200bJang Jeong In\nContents Coordinator: Sung Jang Soon\nContents Editor : Kim Su Rin, Kim Bom Saem\n\nCONTENTS PRODUCTION : PLAY COMPANY corp.\nCamera : Lee Jae Woong, Kim Dae Yong (PLAY COMPANY), Jang Hey Min, Jeong Ji Won (HYBE 360)\nPD : Lee So Jin, Kim Yun Su, Sunu Yun Jun\nAD : Lee Eun Jin\nVideo Edit : Sunu Yun Jun\n\n\nConnect with BTS: \nhttps://ibighit.com/bts \nhttp://twitter.com/BTS_bighit\nhttp://twitter.com/BTS_twt \nhttp://www.facebook.com/bangtan.official \nhttps://www.youtube.com/user/BANGTANTV \nhttp://instagram.com/BTS.bighitofficial \nhttps://channels.vlive.tv/FE619 \nhttps://www.tiktok.com/@bts_official_bighit\nhttps://weverse.onelink.me/qt3S/94808190\nhttps://www.weibo.com/BTSbighit\nhttps://www.weibo.com/BTSmembers \nhttp://i.youku.com/btsofficial \nhttp://btsblog.ibighit.com"
        },
        "defaultAudioLanguage": "ko"
      }
    },
    {
      "kind": "youtube#video",
      "etag": "dYJUtHcRwqbLwQS6mZRrf6ax8bA",
      "id": "0Anx3VQ2dcc",
      "snippet": {
        "publishedAt": "2022-09-23T19:00:00Z",
        "channelId": "UCircJf-FlToBNjuy9xG-i5A",
        "title": "The Death Tunnel of Waverly Hills Sanatorium • Ghost Files",
        "description": "This one is for you.\n\nCONTENT WARNING: This video contains content that some might find disturbing. Viewer discretion is advised.  \n\nPossible triggers: mentions of emotional/physical distress, death by suicide.\n\nBloopers! Behind the scenes looks! Other exclusive content available at:\nhttps://www.patreon.com/watcher/\n\nWATCHER MERCH:\nhttps://watcherstore.com/\n\nCREATED BY\n Ryan Bergara\n\nPRODUCER\nLizzie Lockard\n\nDIRECTOR\nMark Celestino \n\nEDITOR\nAnthony Frederick\n\nHOSTED BY\nRyan Bergara\nShane Madej\n\nASSISTANT DIRECTOR\nTJ Marchbank\n\nPRODUCTION SUPERVISOR\nBrittney Lee\n\nPRODUCTION COORDINATOR\nCarter Lau\n\nRESEARCHER\nAlaina Rook\n\nGRIP & ELECTRIC\nJay Tran \n\nSOUND\nBen Forman\n\nDIT\n Adam Ung\n\nPRODUCTION DESIGNER\nBilly Jett\n\nSTUDIO CONCEPT ARTIST\nMegan Ho\n\nPOST PRODUCTION SUPERVISOR\nSam Young\n\nCREATIVE DIRECTOR OF POST PRODUCTION\nAnthony Frederick\n\nADDITIONAL EDITING\nSam Young\n\nASSISTANT EDITOR\nFrank Parker\n\nPARANORMAL FOOTAGE COMBER\nRebecca Castaneda\n\nGRAPHIC ARTIST\nNicholas Lai\n\nMOTION GRAPHICS ARTIST\nMark Celestino\n\nILLUSTRATOR\nMollie Ong\n\nMOTION GRAPHICS CONSULTANTS\nDynamic Fox Films\n\nLOGO DESIGN BY\nJennet Liaw\n\nSPECIAL THANKS\nWaverly Hills Sanitorium\nJames Ashenden\nKaitlyn Dodson & Marion Burgess\nDeanna & Mark Erskine\nRhiannon Graf\n\nSPECIAL THANKS\nJoanna Mackens\nSydney Owen\nJess Porter\nBraxtyn Rapp\nAnna Rogers\n\nHEAD OF DEVELOPMENT\nKatie LeBlanc\n\nHEAD OF PRODUCTION\nLizzie Lockard\n\nEXECUTIVE PRODUCERS\nRyan Bergara\nShane Madej\nSteven Lim \nKatie LeBlanc\n\nSocial\nhttp://www.instagram.com/wearewatcher\nhttp://www.twitter.com/wearewatcher\nhttps://www.facebook.com/watcherentertainment\nhttps://wearewatcher.tumblr.com/\n\nBusiness Inquiries: \nhello@watcherentertainment.com\n\nMusic Provided by Audio Network\nSFX by Audioblocks\nWatcher Logo Designed by Jennet Liaw\nWatcher Logo Sound Design by Yuta Endo (@yuuutaendo)\n\nWatcher. A network from Steven Lim, Ryan Bergara, and Shane Madej.",
        "thumbnails": {
          "default": {
            "url": "https://i.ytimg.com/vi/0Anx3VQ2dcc/default.jpg",
            "width": 120,
            "height": 90
          },
          "medium": {
            "url": "https://i.ytimg.com/vi/0Anx3VQ2dcc/mqdefault.jpg",
            "width": 320,
            "height": 180
          },
          "high": {
            "url": "https://i.ytimg.com/vi/0Anx3VQ2dcc/hqdefault.jpg",
            "width": 480,
            "height": 360
          },
          "standard": {
            "url": "https://i.ytimg.com/vi/0Anx3VQ2dcc/sddefault.jpg",
            "width": 640,
            "height": 480
          },
          "maxres": {
            "url": "https://i.ytimg.com/vi/0Anx3VQ2dcc/maxresdefault.jpg",
            "width": 1280,
            "height": 720
          }
        },
        "channelTitle": "Watcher",
        "categoryId": "24",
        "liveBroadcastContent": "none",
        "localized": {
          "title": "The Death Tunnel of Waverly Hills Sanatorium • Ghost Files",
          "description": "This one is for you.\n\nCONTENT WARNING: This video contains content that some might find disturbing. Viewer discretion is advised.  \n\nPossible triggers: mentions of emotional/physical distress, death by suicide.\n\nBloopers! Behind the scenes looks! Other exclusive content available at:\nhttps://www.patreon.com/watcher/\n\nWATCHER MERCH:\nhttps://watcherstore.com/\n\nCREATED BY\n Ryan Bergara\n\nPRODUCER\nLizzie Lockard\n\nDIRECTOR\nMark Celestino \n\nEDITOR\nAnthony Frederick\n\nHOSTED BY\nRyan Bergara\nShane Madej\n\nASSISTANT DIRECTOR\nTJ Marchbank\n\nPRODUCTION SUPERVISOR\nBrittney Lee\n\nPRODUCTION COORDINATOR\nCarter Lau\n\nRESEARCHER\nAlaina Rook\n\nGRIP & ELECTRIC\nJay Tran \n\nSOUND\nBen Forman\n\nDIT\n Adam Ung\n\nPRODUCTION DESIGNER\nBilly Jett\n\nSTUDIO CONCEPT ARTIST\nMegan Ho\n\nPOST PRODUCTION SUPERVISOR\nSam Young\n\nCREATIVE DIRECTOR OF POST PRODUCTION\nAnthony Frederick\n\nADDITIONAL EDITING\nSam Young\n\nASSISTANT EDITOR\nFrank Parker\n\nPARANORMAL FOOTAGE COMBER\nRebecca Castaneda\n\nGRAPHIC ARTIST\nNicholas Lai\n\nMOTION GRAPHICS ARTIST\nMark Celestino\n\nILLUSTRATOR\nMollie Ong\n\nMOTION GRAPHICS CONSULTANTS\nDynamic Fox Films\n\nLOGO DESIGN BY\nJennet Liaw\n\nSPECIAL THANKS\nWaverly Hills Sanitorium\nJames Ashenden\nKaitlyn Dodson & Marion Burgess\nDeanna & Mark Erskine\nRhiannon Graf\n\nSPECIAL THANKS\nJoanna Mackens\nSydney Owen\nJess Porter\nBraxtyn Rapp\nAnna Rogers\n\nHEAD OF DEVELOPMENT\nKatie LeBlanc\n\nHEAD OF PRODUCTION\nLizzie Lockard\n\nEXECUTIVE PRODUCERS\nRyan Bergara\nShane Madej\nSteven Lim \nKatie LeBlanc\n\nSocial\nhttp://www.instagram.com/wearewatcher\nhttp://www.twitter.com/wearewatcher\nhttps://www.facebook.com/watcherentertainment\nhttps://wearewatcher.tumblr.com/\n\nBusiness Inquiries: \nhello@watcherentertainment.com\n\nMusic Provided by Audio Network\nSFX by Audioblocks\nWatcher Logo Designed by Jennet Liaw\nWatcher Logo Sound Design by Yuta Endo (@yuuutaendo)\n\nWatcher. A network from Steven Lim, Ryan Bergara, and Shane Madej."
        },
        "defaultAudioLanguage": "en-US"
      }
    },
    {
      "kind": "youtube#video",
      "etag": "3wdKF0kEDJrlfpo-5lWzBoIL6CM",
      "id": "Ag-909TI-XY",
      "snippet": {
        "publishedAt": "2022-09-24T15:00:06Z",
        "channelId": "UCJLZe_NoiG0hT7QCX_9vmqw",
        "title": "I made your worst video ideas",
        "description": "Get Honey for FREE today ▸ https://joinhoney.com/ididathing\nHoney finds coupons with one click. Thanks to Honey for sponsoring!\n\nTwitter: https://twitter.com/ididathing1\nDiscord: https://discord.gg/mppfmHW\nPatreon: https://www.patreon.com/user?u=13180179",
        "thumbnails": {
          "default": {
            "url": "https://i.ytimg.com/vi/Ag-909TI-XY/default.jpg",
            "width": 120,
            "height": 90
          },
          "medium": {
            "url": "https://i.ytimg.com/vi/Ag-909TI-XY/mqdefault.jpg",
            "width": 320,
            "height": 180
          },
          "high": {
            "url": "https://i.ytimg.com/vi/Ag-909TI-XY/hqdefault.jpg",
            "width": 480,
            "height": 360
          },
          "standard": {
            "url": "https://i.ytimg.com/vi/Ag-909TI-XY/sddefault.jpg",
            "width": 640,
            "height": 480
          },
          "maxres": {
            "url": "https://i.ytimg.com/vi/Ag-909TI-XY/maxresdefault.jpg",
            "width": 1280,
            "height": 720
          }
        },
        "channelTitle": "I did a thing",
        "tags": [
          "science",
          "education",
          "comedy",
          "i did a thing",
          "mythbusters"
        ],
        "categoryId": "24",
        "liveBroadcastContent": "none",
        "localized": {
          "title": "I made your worst video ideas",
          "description": "Get Honey for FREE today ▸ https://joinhoney.com/ididathing\nHoney finds coupons with one click. Thanks to Honey for sponsoring!\n\nTwitter: https://twitter.com/ididathing1\nDiscord: https://discord.gg/mppfmHW\nPatreon: https://www.patreon.com/user?u=13180179"
        },
        "defaultAudioLanguage": "en"
      }
    },
    {
      "kind": "youtube#video",
      "etag": "wFjIof_dmkAXXSykJy8tsNF2pOs",
      "id": "b48AN_8wokU",
      "snippet": {
        "publishedAt": "2022-09-24T18:40:00Z",
        "channelId": "UChmpTxQ0Gp8KEJKsqzeg9Lg",
        "title": "Stranger Things Season 4 Bloopers | Netflix",
        "description": "These bloopers could single-handedly save me from Vecna. Season 4 bloopers have officially dropped. Watch Stranger Things, only on Netflix.\r\n\r\nSUBSCRIBE: http://bit.ly/29qBUt7\r\n\r\nAbout Netflix:\r\nNetflix is the world's leading streaming entertainment service with 221 million paid memberships in over 190 countries enjoying TV series, documentaries, feature films and mobile games across a wide variety of genres and languages. Members can watch as much as they want, anytime, anywhere, on any Internet-connected screen. Members can play, pause and resume watching, all without commercials or commitments.\r\n\r\nStranger Things Season 4 Bloopers | Netflix\r\nhttps://youtube.com/Netflix\r\n\r\nDivided by distance but ever determined, our scattered friends face a frightening future. But it's only the beginning. The beginning of the end.",
        "thumbnails": {
          "default": {
            "url": "https://i.ytimg.com/vi/b48AN_8wokU/default.jpg",
            "width": 120,
            "height": 90
          },
          "medium": {
            "url": "https://i.ytimg.com/vi/b48AN_8wokU/mqdefault.jpg",
            "width": 320,
            "height": 180
          },
          "high": {
            "url": "https://i.ytimg.com/vi/b48AN_8wokU/hqdefault.jpg",
            "width": 480,
            "height": 360
          },
          "standard": {
            "url": "https://i.ytimg.com/vi/b48AN_8wokU/sddefault.jpg",
            "width": 640,
            "height": 480
          },
          "maxres": {
            "url": "https://i.ytimg.com/vi/b48AN_8wokU/maxresdefault.jpg",
            "width": 1280,
            "height": 720
          }
        },
        "channelTitle": "Stranger Things",
        "tags": [
          "bloopers",
          "caleb mclaughlin",
          "charlie heaton",
          "chief hopper",
          "david harbour",
          "dustin",
          "eleven",
          "finn wolfhard",
          "gaten matarazzo",
          "hopper",
          "joe keery",
          "jonathan byers",
          "joyce byers",
          "lucas sinclair",
          "max stranger things",
          "maya hawke",
          "mike wheeler",
          "millie bobby brown",
          "nancy wheeler",
          "natalia dyer",
          "noah schnapp",
          "robin stranger things",
          "sadie sink",
          "season 4 bloopers",
          "st",
          "st4",
          "st4 bloopers",
          "steve harrington",
          "stranger things",
          "stranger things 4",
          "will byers",
          "winona ryder"
        ],
        "categoryId": "24",
        "liveBroadcastContent": "none",
        "localized": {
          "title": "Stranger Things Season 4 Bloopers | Netflix",
          "description": "These bloopers could single-handedly save me from Vecna. Season 4 bloopers have officially dropped. Watch Stranger Things, only on Netflix.\r\n\r\nSUBSCRIBE: http://bit.ly/29qBUt7\r\n\r\nAbout Netflix:\r\nNetflix is the world's leading streaming entertainment service with 221 million paid memberships in over 190 countries enjoying TV series, documentaries, feature films and mobile games across a wide variety of genres and languages. Members can watch as much as they want, anytime, anywhere, on any Internet-connected screen. Members can play, pause and resume watching, all without commercials or commitments.\r\n\r\nStranger Things Season 4 Bloopers | Netflix\r\nhttps://youtube.com/Netflix\r\n\r\nDivided by distance but ever determined, our scattered friends face a frightening future. But it's only the beginning. The beginning of the end."
        },
        "defaultAudioLanguage": "en-US"
      }
    },
    {
      "kind": "youtube#video",
      "etag": "_5nHjG3VGuWQkVokmR0zFchLlbw",
      "id": "_HaOfHYsFNo",
      "snippet": {
        "publishedAt": "2022-09-25T03:33:29Z",
        "channelId": "UCVnjt9mMx46gMUeTtONXimQ",
        "title": "Homes washed out to sea as Fiona slams Canada",
        "description": "The hurricane that wreaked havoc in Puerto Rico and the Carribbean, is now classified as a post-tropical cyclone.",
        "thumbnails": {
          "default": {
            "url": "https://i.ytimg.com/vi/_HaOfHYsFNo/default.jpg",
            "width": 120,
            "height": 90
          },
          "medium": {
            "url": "https://i.ytimg.com/vi/_HaOfHYsFNo/mqdefault.jpg",
            "width": 320,
            "height": 180
          },
          "high": {
            "url": "https://i.ytimg.com/vi/_HaOfHYsFNo/hqdefault.jpg",
            "width": 480,
            "height": 360
          }
        },
        "channelTitle": "KENS 5: Your San Antonio News Source",
        "tags": ["severe-weather", "weather"],
        "categoryId": "25",
        "liveBroadcastContent": "none",
        "defaultLanguage": "en",
        "localized": {
          "title": "Homes washed out to sea as Fiona slams Canada",
          "description": "The hurricane that wreaked havoc in Puerto Rico and the Carribbean, is now classified as a post-tropical cyclone."
        },
        "defaultAudioLanguage": "en"
      }
    },
    {
      "kind": "youtube#video",
      "etag": "yIO8nK9SPddkBJztqEXFTqR6FP0",
      "id": "NpdLgWVQIAM",
      "snippet": {
        "publishedAt": "2022-09-25T09:48:25Z",
        "channelId": "UCnI3TuOg8D3SCRPW8ET4EAg",
        "title": "Eliud Kipchoge Crushes The Marathon WORLD RECORD! || 2022 Berlin Marathon",
        "description": "The GOAT is back and he's here to stay.\n====================================\n*Copyright Disclaimer Under Section 107 of the Copyright Act 1976, allowance is made for \"fair use\" for purposes such as criticism, comment, news reporting, teaching, scholarship, and research. Fair use is a use permitted by copyright statute that might otherwise be infringing. Non-profit, educational or personal use tips the balance in favor of fair use. No copyright infringement intended. ALL RIGHTS BELONG TO THEIR RESPECTIVE OWNERS",
        "thumbnails": {
          "default": {
            "url": "https://i.ytimg.com/vi/NpdLgWVQIAM/default.jpg",
            "width": 120,
            "height": 90
          },
          "medium": {
            "url": "https://i.ytimg.com/vi/NpdLgWVQIAM/mqdefault.jpg",
            "width": 320,
            "height": 180
          },
          "high": {
            "url": "https://i.ytimg.com/vi/NpdLgWVQIAM/hqdefault.jpg",
            "width": 480,
            "height": 360
          }
        },
        "channelTitle": "Total Running Productions",
        "tags": [
          "2022 berlin marathon",
          "berlin marathon kipchoge",
          "kipchoge world record",
          "eliud kipchoge world record berlin",
          "berlin world record",
          "berlin",
          "berlin marathon",
          "kipchoge",
          "eliud world record",
          "kipchoge record marathon",
          "marathon berlin 2022",
          "2022 berlin marathon race",
          "world record 2022 berlin"
        ],
        "categoryId": "17",
        "liveBroadcastContent": "none",
        "localized": {
          "title": "Eliud Kipchoge Crushes The Marathon WORLD RECORD! || 2022 Berlin Marathon",
          "description": "The GOAT is back and he's here to stay.\n====================================\n*Copyright Disclaimer Under Section 107 of the Copyright Act 1976, allowance is made for \"fair use\" for purposes such as criticism, comment, news reporting, teaching, scholarship, and research. Fair use is a use permitted by copyright statute that might otherwise be infringing. Non-profit, educational or personal use tips the balance in favor of fair use. No copyright infringement intended. ALL RIGHTS BELONG TO THEIR RESPECTIVE OWNERS"
        },
        "defaultAudioLanguage": "en"
      }
    },
    {
      "kind": "youtube#video",
      "etag": "EbXHfhddRpd6OajIfywDHVHb9UU",
      "id": "etbOmO9WJJI",
      "snippet": {
        "publishedAt": "2022-09-24T00:51:15Z",
        "channelId": "UCYtNSrfGdXooZYu_hkq18_w",
        "title": "Emotional Roger Federer's farewell interview in FULL 😢 | Laver Cup 2022 Moments",
        "description": "I'm not crying, you're crying... Tennis great Roger Federer was in tears as he gave his final interview as a professional player following his Men's Doubles loss in the Laver Cup this morning. \n\nDownload beIN SPORTS CONNECT now to catch LIVE sporting action: https://bein.onelink.me/bApY/beinYT \nInstagram: https://www.instagram.com/beinsportsasia/\nFacebook: https://www.facebook.com/beinsportsasia",
        "thumbnails": {
          "default": {
            "url": "https://i.ytimg.com/vi/etbOmO9WJJI/default.jpg",
            "width": 120,
            "height": 90
          },
          "medium": {
            "url": "https://i.ytimg.com/vi/etbOmO9WJJI/mqdefault.jpg",
            "width": 320,
            "height": 180
          },
          "high": {
            "url": "https://i.ytimg.com/vi/etbOmO9WJJI/hqdefault.jpg",
            "width": 480,
            "height": 360
          },
          "standard": {
            "url": "https://i.ytimg.com/vi/etbOmO9WJJI/sddefault.jpg",
            "width": 640,
            "height": 480
          }
        },
        "channelTitle": "beIN SPORTS Asia",
        "tags": ["Federer retires", "Laver Cup", "Roger Federer", "Tennis"],
        "categoryId": "17",
        "liveBroadcastContent": "none",
        "localized": {
          "title": "Emotional Roger Federer's farewell interview in FULL 😢 | Laver Cup 2022 Moments",
          "description": "I'm not crying, you're crying... Tennis great Roger Federer was in tears as he gave his final interview as a professional player following his Men's Doubles loss in the Laver Cup this morning. \n\nDownload beIN SPORTS CONNECT now to catch LIVE sporting action: https://bein.onelink.me/bApY/beinYT \nInstagram: https://www.instagram.com/beinsportsasia/\nFacebook: https://www.facebook.com/beinsportsasia"
        }
      }
    },
    {
      "kind": "youtube#video",
      "etag": "jJl65I6xkJA_9_3CH48Pu81paGw",
      "id": "nXiyZ-cetBs",
      "snippet": {
        "publishedAt": "2022-09-25T15:00:23Z",
        "channelId": "UCiifkYAs_bq1pt_zbNAzYGg",
        "title": "Black Adam | Darkness | DC",
        "description": "#BlackAdam in theaters on October 21. \n\nSubscribe To DC: https://bit.ly/3vDk4Ox \n#DC #DCComics\n\nConnect with DC Online: \nFollow DC on INSTAGRAM: https://bit.ly/3Sls2p4 \nLike DC on FACEBOOK: https://bit.ly/3oQVPs2 \nFollow DC on TWITTER: https://bit.ly/3oTsD3S \nVisit the DC WEBSITE: https://www.dc.com/ \nSubscribe to DC UNIVERSE INFINITE: https://bit.ly/3zAJZqX \nThe official home of Batman, Superman, Wonder Woman, Green Lantern, The Flash and the rest of The World's Greatest Super Heroes!",
        "thumbnails": {
          "default": {
            "url": "https://i.ytimg.com/vi/nXiyZ-cetBs/default.jpg",
            "width": 120,
            "height": 90
          },
          "medium": {
            "url": "https://i.ytimg.com/vi/nXiyZ-cetBs/mqdefault.jpg",
            "width": 320,
            "height": 180
          },
          "high": {
            "url": "https://i.ytimg.com/vi/nXiyZ-cetBs/hqdefault.jpg",
            "width": 480,
            "height": 360
          }
        },
        "channelTitle": "DC",
        "categoryId": "24",
        "liveBroadcastContent": "none",
        "defaultLanguage": "en",
        "localized": {
          "title": "Black Adam | Darkness | DC",
          "description": "#BlackAdam in theaters on October 21. \n\nSubscribe To DC: https://bit.ly/3vDk4Ox \n#DC #DCComics\n\nConnect with DC Online: \nFollow DC on INSTAGRAM: https://bit.ly/3Sls2p4 \nLike DC on FACEBOOK: https://bit.ly/3oQVPs2 \nFollow DC on TWITTER: https://bit.ly/3oTsD3S \nVisit the DC WEBSITE: https://www.dc.com/ \nSubscribe to DC UNIVERSE INFINITE: https://bit.ly/3zAJZqX \nThe official home of Batman, Superman, Wonder Woman, Green Lantern, The Flash and the rest of The World's Greatest Super Heroes!"
        },
        "defaultAudioLanguage": "en"
      }
    },
    {
      "kind": "youtube#video",
      "etag": "RAYIWuECRquHn9915kHKpfY7mYM",
      "id": "QgGe6fsbbIw",
      "snippet": {
        "publishedAt": "2022-09-25T09:27:35Z",
        "channelId": "UCv-GNHtqM97EaU_i7gN_Ikw",
        "title": "I SCORED IN SIDEMEN CHARITY MATCH (Goals & Highlights REACTION)",
        "description": "I SCORED IN SIDEMEN CHARITY MATCH (Goals & Highlights REACTION)\n\nSubscribe: https://bit.ly/2PGvXfx | 🔔Make sure to enable ALL push notifications!🔔\r\nWatch the NEWEST videos: https://bit.ly/2PzaVSY\r\n\r\n\r\nFollow Chunkz :\r\nInstagram: https://instagram.com/chunkz_en/\r\nTwitter: https://twitter.com/Chunkz_EN\r\nSnapChat: https://snapchat.com/add/Spicegg\r\n\r\n\r\nWatch more Chunkz :\r\n1V1 RAP BATTLE: https://bit.ly/2RY6Ar1\r\nCOOKING WITH CHUNKZ: https://bit.ly/2pWEXlc\r\n2V2 RAP BATTLE: https://bit.ly/2RYtyOH\r\nLatest Videos: https://bit.ly/2PzaVSY\r\nPopular Videos: https://bit.ly/2yGdppi",
        "thumbnails": {
          "default": {
            "url": "https://i.ytimg.com/vi/QgGe6fsbbIw/default.jpg",
            "width": 120,
            "height": 90
          },
          "medium": {
            "url": "https://i.ytimg.com/vi/QgGe6fsbbIw/mqdefault.jpg",
            "width": 320,
            "height": 180
          },
          "high": {
            "url": "https://i.ytimg.com/vi/QgGe6fsbbIw/hqdefault.jpg",
            "width": 480,
            "height": 360
          },
          "standard": {
            "url": "https://i.ytimg.com/vi/QgGe6fsbbIw/sddefault.jpg",
            "width": 640,
            "height": 480
          },
          "maxres": {
            "url": "https://i.ytimg.com/vi/QgGe6fsbbIw/maxresdefault.jpg",
            "width": 1280,
            "height": 720
          }
        },
        "channelTitle": "Chunkz",
        "tags": [
          "Chunkz Entertainment",
          "comedy",
          "family friendly",
          "Funny Challenges Fun"
        ],
        "categoryId": "24",
        "liveBroadcastContent": "none",
        "localized": {
          "title": "I SCORED IN SIDEMEN CHARITY MATCH (Goals & Highlights REACTION)",
          "description": "I SCORED IN SIDEMEN CHARITY MATCH (Goals & Highlights REACTION)\n\nSubscribe: https://bit.ly/2PGvXfx | 🔔Make sure to enable ALL push notifications!🔔\r\nWatch the NEWEST videos: https://bit.ly/2PzaVSY\r\n\r\n\r\nFollow Chunkz :\r\nInstagram: https://instagram.com/chunkz_en/\r\nTwitter: https://twitter.com/Chunkz_EN\r\nSnapChat: https://snapchat.com/add/Spicegg\r\n\r\n\r\nWatch more Chunkz :\r\n1V1 RAP BATTLE: https://bit.ly/2RY6Ar1\r\nCOOKING WITH CHUNKZ: https://bit.ly/2pWEXlc\r\n2V2 RAP BATTLE: https://bit.ly/2RYtyOH\r\nLatest Videos: https://bit.ly/2PzaVSY\r\nPopular Videos: https://bit.ly/2yGdppi"
        },
        "defaultAudioLanguage": "en-GB"
      }
    },
    {
      "kind": "youtube#video",
      "etag": "EBL5vmjUAsK2RGpz78Dii33Rog0",
      "id": "Y-GEACeX744",
      "snippet": {
        "publishedAt": "2022-09-24T05:07:32Z",
        "channelId": "UCoLrcjPV5PbUrUyXq5mjc_A",
        "title": "A historic evening for Albert Pujols! He crushes home runs No. 699 AND 700 for his career!",
        "description": "Albert Pujols makes history.\n\nDon't forget to subscribe! https://www.youtube.com/mlb\n\nFollow us elsewhere too:\nTwitter: https://twitter.com/MLB\nInstagram: https://www.instagram.com/mlb/\nFacebook: https://www.facebook.com/mlb\nTikTok: https://www.tiktok.com/share/user/6569247715560456198\n\nCheck out MLB.com daily to watch the MLB.TV Free Game of the Day! https://mlb.com/freegame\n\nVisit our site for all baseball news, stats and scores! https://www.mlb.com/",
        "thumbnails": {
          "default": {
            "url": "https://i.ytimg.com/vi/Y-GEACeX744/default.jpg",
            "width": 120,
            "height": 90
          },
          "medium": {
            "url": "https://i.ytimg.com/vi/Y-GEACeX744/mqdefault.jpg",
            "width": 320,
            "height": 180
          },
          "high": {
            "url": "https://i.ytimg.com/vi/Y-GEACeX744/hqdefault.jpg",
            "width": 480,
            "height": 360
          },
          "standard": {
            "url": "https://i.ytimg.com/vi/Y-GEACeX744/sddefault.jpg",
            "width": 640,
            "height": 480
          },
          "maxres": {
            "url": "https://i.ytimg.com/vi/Y-GEACeX744/maxresdefault.jpg",
            "width": 1280,
            "height": 720
          }
        },
        "channelTitle": "MLB",
        "tags": [
          "mlb",
          "baseball",
          "sports",
          "mlb highlights",
          "sports highlights",
          "baseball highlights"
        ],
        "categoryId": "17",
        "liveBroadcastContent": "none",
        "defaultLanguage": "en",
        "localized": {
          "title": "A historic evening for Albert Pujols! He crushes home runs No. 699 AND 700 for his career!",
          "description": "Albert Pujols makes history.\n\nDon't forget to subscribe! https://www.youtube.com/mlb\n\nFollow us elsewhere too:\nTwitter: https://twitter.com/MLB\nInstagram: https://www.instagram.com/mlb/\nFacebook: https://www.facebook.com/mlb\nTikTok: https://www.tiktok.com/share/user/6569247715560456198\n\nCheck out MLB.com daily to watch the MLB.TV Free Game of the Day! https://mlb.com/freegame\n\nVisit our site for all baseball news, stats and scores! https://www.mlb.com/"
        },
        "defaultAudioLanguage": "en"
      }
    },
    {
      "kind": "youtube#video",
      "etag": "ll4yQvZzgeHCfaWHh8PRoxAP0wE",
      "id": "_V-a3hzl97g",
      "snippet": {
        "publishedAt": "2022-09-25T11:15:30Z",
        "channelId": "UChR1Yn7YpVrnP-SbsWtjuBA",
        "title": "FIFA 23 Barcelona Career Mode EP1...",
        "description": "FIFA 23 IS HERE! It's time to bring Barcelona back to top in FIFA 23!\nThis video is brought to you by the EA Creator Network.\n\nGet your PSN/Xbox Gift Cards...use 's2g10' for 10% discount!\nhttps://s2g.shop\n\nIt's free to LIKE the video so..SMASH that LIKE button!\nSUBSCRIBE for daily FIFA 23 content!\n\n►MoreS2G - https://www.youtube.com/channel/UCw9rjdrpHa7mzNrWVJoaPgw\n►Twitch - https://www.twitch.tv/thereals2g\n►Twitter - https://twitter.com/OfficialS2G\n►Instagram - https://www.instagram.com/officials2g\n\nEmail for Business Enquiries :-\nS2G@DigitalSportsMgmt.com",
        "thumbnails": {
          "default": {
            "url": "https://i.ytimg.com/vi/_V-a3hzl97g/default.jpg",
            "width": 120,
            "height": 90
          },
          "medium": {
            "url": "https://i.ytimg.com/vi/_V-a3hzl97g/mqdefault.jpg",
            "width": 320,
            "height": 180
          },
          "high": {
            "url": "https://i.ytimg.com/vi/_V-a3hzl97g/hqdefault.jpg",
            "width": 480,
            "height": 360
          },
          "standard": {
            "url": "https://i.ytimg.com/vi/_V-a3hzl97g/sddefault.jpg",
            "width": 640,
            "height": 480
          },
          "maxres": {
            "url": "https://i.ytimg.com/vi/_V-a3hzl97g/maxresdefault.jpg",
            "width": 1280,
            "height": 720
          }
        },
        "channelTitle": "S2G",
        "tags": [
          "Barcelona career mode",
          "fifa 23 career mode",
          "fifa 23",
          "Barca career mode"
        ],
        "categoryId": "20",
        "liveBroadcastContent": "none",
        "defaultLanguage": "en-GB",
        "localized": {
          "title": "FIFA 23 Barcelona Career Mode EP1...",
          "description": "FIFA 23 IS HERE! It's time to bring Barcelona back to top in FIFA 23!\nThis video is brought to you by the EA Creator Network.\n\nGet your PSN/Xbox Gift Cards...use 's2g10' for 10% discount!\nhttps://s2g.shop\n\nIt's free to LIKE the video so..SMASH that LIKE button!\nSUBSCRIBE for daily FIFA 23 content!\n\n►MoreS2G - https://www.youtube.com/channel/UCw9rjdrpHa7mzNrWVJoaPgw\n►Twitch - https://www.twitch.tv/thereals2g\n►Twitter - https://twitter.com/OfficialS2G\n►Instagram - https://www.instagram.com/officials2g\n\nEmail for Business Enquiries :-\nS2G@DigitalSportsMgmt.com"
        },
        "defaultAudioLanguage": "en"
      }
    },
    {
      "kind": "youtube#video",
      "etag": "k5Clv3cr-eoiQ6ZwiNkQegLnAOE",
      "id": "rhctf92wgqU",
      "snippet": {
        "publishedAt": "2022-09-24T16:00:14Z",
        "channelId": "UC_Av98lDjf5KvFib5elhpYg",
        "title": "PUNTO 40 AÑO 2077 - Rauw Alejandro x Baby Rasta (Official Video)",
        "description": "Rauw Alejandro x Baby Rasta \nPUNTO 40 (Official Video)\n\nSuscríbete al canal: https://goo.gl/Cqxmma\n\nSigue a Rauw:\nInstagram: https://www.instagram.com/rauwalejandro\nFacebook: https://www.facebook.com/rauwalejandro \nTwitter: https://twitter.com/rauwalejandro\n\nApple Music: https://RauwA.lnk.to/PUNTO40/applemusic \nSpotify: https://RauwA.lnk.to/PUNTO40/spotify \nAmazon: https://RauwA.lnk.to/PUNTO40/amazonmusicstreaming \nYouTube: https://RauwA.lnk.to/PUNTO40/youtube \niTunes: https://RauwA.lnk.to/PUNTO40/itunes \nDeezer: https://RauwA.lnk.to/PUNTO40/deezer \nTikTok: https://RauwA.lnk.to/PUNTO40/tiktokusemysound \nPandora: https://RauwA.lnk.to/PUNTO40/pandora\n\nLetra: \n\nTengo una punto cuarenta y es para\nTengo una punto cuarenta y es para\nTengo una punto cuarenta y es para\n\nTengo una punto cuarenta \n\nCuarenta\nCuarenta\nCuarenta\nCuarenta\n\nTengo una punto cuarenta y es para\nTengo una punto cuarenta y es para\nTengo una punto cuarenta y es para\nTengo una punto cuarenta y es para\nTengo una punto cuarenta y es para\nTengo una punto cuarenta y es para\nTengo una punto cuarenta y es para\nTengo una punto cuarenta y es para\n\nRa’ Rauw\nNo me la hagas usar\nTengo una punto cuarenta\nY una gata pa’ perreaL \nQue con ese culo \nEn lo oscuro, te revienta\nGuayando con esa mini tu estás abusando\nBellaqueando\nEstamos ignorando lo que está pasando\nBaby, tu si estás más dura\nQue la de ayer\nTírame la señal \nSi te quieres perder\nPor ahí comentan\nQue mal me quieren ver\nEnvidiosos, ¿dónde están?\nQue no se dejan ver\n\nNo me la hagan usar\nTengo una punto cuarenta y es para\nYo la quiero usar\nTengo una punto cuarenta y es para\nNo me la hagas usar\nTengo una punto cuarenta y es para\nYo la quiero usar\nTengo una punto cuarenta y es para\nTengo una punto cuarenta \nTengo una punto cuarenta y es para\nNo me la hagan usar\nTengo una punto cuarenta y es para\nTengo una punto cuarenta \nTengo una punto cuarenta y es para\nNo me la hagan usar\nTengo una punto cuarenta y es para\n\nYo, de nadie nunca me voy a dejar\nEsta noche la vamo’ a formar\nSomos los favoritos de la gente\nY ellos no mienten\nNo me odien\nSi estoy con ella\nTengo la más bella (yeah, yeah)\nYo, sí que puede que los borre\nSi la tocan a ella\nYo mato por ella (ah, ah)\nQuiero darte en four en la silla\nPon la rodilla\nY olvídate que te voy a dar con el reloj \nSin las manecillas\nTu estas bien pilla, shipete\nLe gustan los billetes\nY en un día fueron 5 veces\nLe cure la garganta \nY no fue con los teces\nElla se lo merece\nPorque esta sabrosa \nCrujiente, como tempura\nSe desaparece conmigo\nNo hay cobertura\nSi le doy de la pura\nPura calentura\n\nTengo una punto cuarenta y es para\nTengo una punto cuarenta y es para\nNo sé si podemos matarte\nTengo una punto cuarenta y es para\nTengo una punto cuarenta y es para\nTengo una punto cuarenta\nTengo una punto cuarenta y es para\nTengo una punto cuarenta y es para\nTengo una punto cuarenta\nTengo una punto cuarenta y es para\nTengo una punto cuarenta y es para\nTengo una punto cuarenta \n\nRa’ Rauw\nCuarenta\nRauw Alejandro\nBaby Rasta\nCuarenta\nNosotros somos influyentes de la música\nCuarenta\nAnoten\nCuarenta\nKenobi\nMr NaisGai\nDimelo Colla\nThe Mother Fokin Senseis\n\n\n#RauwAlejandro #BabyRasta #Punto40\n\n(C) 2022 Sony Music Entertainment US Latin LLC/Duars Entertainment, Inc.",
        "thumbnails": {
          "default": {
            "url": "https://i.ytimg.com/vi/rhctf92wgqU/default.jpg",
            "width": 120,
            "height": 90
          },
          "medium": {
            "url": "https://i.ytimg.com/vi/rhctf92wgqU/mqdefault.jpg",
            "width": 320,
            "height": 180
          },
          "high": {
            "url": "https://i.ytimg.com/vi/rhctf92wgqU/hqdefault.jpg",
            "width": 480,
            "height": 360
          },
          "standard": {
            "url": "https://i.ytimg.com/vi/rhctf92wgqU/sddefault.jpg",
            "width": 640,
            "height": 480
          },
          "maxres": {
            "url": "https://i.ytimg.com/vi/rhctf92wgqU/maxresdefault.jpg",
            "width": 1280,
            "height": 720
          }
        },
        "channelTitle": "Rauw Alejandro",
        "tags": [
          "rauw alejandro",
          "rauw",
          "rauw alejandro 2020",
          "rauw alejandro letra",
          "rauw alejandro 2021",
          "duars entertainment",
          "alejandro",
          "rauw alejandro videos",
          "duars",
          "letra rauw alejandro",
          "rauw alejandro new",
          "rauwalejandro",
          "ra rauw",
          "rauw 2020",
          "rauw alejandro new song",
          "punto 40",
          ".40",
          "baby rasta"
        ],
        "categoryId": "10",
        "liveBroadcastContent": "none",
        "localized": {
          "title": "PUNTO 40 AÑO 2077 - Rauw Alejandro x Baby Rasta (Official Video)",
          "description": "Rauw Alejandro x Baby Rasta \nPUNTO 40 (Official Video)\n\nSuscríbete al canal: https://goo.gl/Cqxmma\n\nSigue a Rauw:\nInstagram: https://www.instagram.com/rauwalejandro\nFacebook: https://www.facebook.com/rauwalejandro \nTwitter: https://twitter.com/rauwalejandro\n\nApple Music: https://RauwA.lnk.to/PUNTO40/applemusic \nSpotify: https://RauwA.lnk.to/PUNTO40/spotify \nAmazon: https://RauwA.lnk.to/PUNTO40/amazonmusicstreaming \nYouTube: https://RauwA.lnk.to/PUNTO40/youtube \niTunes: https://RauwA.lnk.to/PUNTO40/itunes \nDeezer: https://RauwA.lnk.to/PUNTO40/deezer \nTikTok: https://RauwA.lnk.to/PUNTO40/tiktokusemysound \nPandora: https://RauwA.lnk.to/PUNTO40/pandora\n\nLetra: \n\nTengo una punto cuarenta y es para\nTengo una punto cuarenta y es para\nTengo una punto cuarenta y es para\n\nTengo una punto cuarenta \n\nCuarenta\nCuarenta\nCuarenta\nCuarenta\n\nTengo una punto cuarenta y es para\nTengo una punto cuarenta y es para\nTengo una punto cuarenta y es para\nTengo una punto cuarenta y es para\nTengo una punto cuarenta y es para\nTengo una punto cuarenta y es para\nTengo una punto cuarenta y es para\nTengo una punto cuarenta y es para\n\nRa’ Rauw\nNo me la hagas usar\nTengo una punto cuarenta\nY una gata pa’ perreaL \nQue con ese culo \nEn lo oscuro, te revienta\nGuayando con esa mini tu estás abusando\nBellaqueando\nEstamos ignorando lo que está pasando\nBaby, tu si estás más dura\nQue la de ayer\nTírame la señal \nSi te quieres perder\nPor ahí comentan\nQue mal me quieren ver\nEnvidiosos, ¿dónde están?\nQue no se dejan ver\n\nNo me la hagan usar\nTengo una punto cuarenta y es para\nYo la quiero usar\nTengo una punto cuarenta y es para\nNo me la hagas usar\nTengo una punto cuarenta y es para\nYo la quiero usar\nTengo una punto cuarenta y es para\nTengo una punto cuarenta \nTengo una punto cuarenta y es para\nNo me la hagan usar\nTengo una punto cuarenta y es para\nTengo una punto cuarenta \nTengo una punto cuarenta y es para\nNo me la hagan usar\nTengo una punto cuarenta y es para\n\nYo, de nadie nunca me voy a dejar\nEsta noche la vamo’ a formar\nSomos los favoritos de la gente\nY ellos no mienten\nNo me odien\nSi estoy con ella\nTengo la más bella (yeah, yeah)\nYo, sí que puede que los borre\nSi la tocan a ella\nYo mato por ella (ah, ah)\nQuiero darte en four en la silla\nPon la rodilla\nY olvídate que te voy a dar con el reloj \nSin las manecillas\nTu estas bien pilla, shipete\nLe gustan los billetes\nY en un día fueron 5 veces\nLe cure la garganta \nY no fue con los teces\nElla se lo merece\nPorque esta sabrosa \nCrujiente, como tempura\nSe desaparece conmigo\nNo hay cobertura\nSi le doy de la pura\nPura calentura\n\nTengo una punto cuarenta y es para\nTengo una punto cuarenta y es para\nNo sé si podemos matarte\nTengo una punto cuarenta y es para\nTengo una punto cuarenta y es para\nTengo una punto cuarenta\nTengo una punto cuarenta y es para\nTengo una punto cuarenta y es para\nTengo una punto cuarenta\nTengo una punto cuarenta y es para\nTengo una punto cuarenta y es para\nTengo una punto cuarenta \n\nRa’ Rauw\nCuarenta\nRauw Alejandro\nBaby Rasta\nCuarenta\nNosotros somos influyentes de la música\nCuarenta\nAnoten\nCuarenta\nKenobi\nMr NaisGai\nDimelo Colla\nThe Mother Fokin Senseis\n\n\n#RauwAlejandro #BabyRasta #Punto40\n\n(C) 2022 Sony Music Entertainment US Latin LLC/Duars Entertainment, Inc."
        },
        "defaultAudioLanguage": "es"
      }
    },
    {
      "kind": "youtube#video",
      "etag": "M75tigxhQNHI84300gy1nvdJJgw",
      "id": "qUTALdx7F1c",
      "snippet": {
        "publishedAt": "2022-09-25T11:00:21Z",
        "channelId": "UCke6I9N4KfC968-yRcd5YRg",
        "title": "Among Us Fall Guys Mod",
        "description": "We play Among Us Fall Guys in Modded Among Us! \n\n☞  Subscribe & click the bell \nSubscribe ➡ https://www.youtube.com/user/SSundee?sub_confirmation=1\n\n=== ϟ || Friends || ϟ ===\n⭑ @Nicovald \n⭑@helloiamkate \n⭑ @PatP \n⭑ @Biffle \n⭑ @Lookumz \n⭑ @Zud \n⭑ @Sigils \n⭑ @Henwy \n\nMod By https://doublejump.com\n\n• Video Editor ► Russell\nhttps://www.youtube.com/russelledits\n\n• Thumbnail Maker ► Flash\nhttps://www.youtube.com/channel/UCLy01oVLarj7RNQm52jnGKw\n\n• Animator ► David\nhttps://www.youtube.com/channel/UCxSSIQevKsx2bFc_Gn4WAMg?view_as=subscriber\n\n• Discord: https://discord.gg/ssundee\n\n\u200b\u200b• Music by Ninety9 ► LivesTobu - Such Fun\nVideo Link: https://www.youtube.com/watch?v=d3Oc26AFDdU\nChannel: https://99l.tv/Subscribe\nDownload the album! https://99l.tv/Levelup-i\n\n#ssundee #amongus  #gaming \n\nThanks for watching!",
        "thumbnails": {
          "default": {
            "url": "https://i.ytimg.com/vi/qUTALdx7F1c/default.jpg",
            "width": 120,
            "height": 90
          },
          "medium": {
            "url": "https://i.ytimg.com/vi/qUTALdx7F1c/mqdefault.jpg",
            "width": 320,
            "height": 180
          },
          "high": {
            "url": "https://i.ytimg.com/vi/qUTALdx7F1c/hqdefault.jpg",
            "width": 480,
            "height": 360
          },
          "standard": {
            "url": "https://i.ytimg.com/vi/qUTALdx7F1c/sddefault.jpg",
            "width": 640,
            "height": 480
          },
          "maxres": {
            "url": "https://i.ytimg.com/vi/qUTALdx7F1c/maxresdefault.jpg",
            "width": 1280,
            "height": 720
          }
        },
        "channelTitle": "SSundee",
        "categoryId": "20",
        "liveBroadcastContent": "none",
        "localized": {
          "title": "Among Us Fall Guys Mod",
          "description": "We play Among Us Fall Guys in Modded Among Us! \n\n☞  Subscribe & click the bell \nSubscribe ➡ https://www.youtube.com/user/SSundee?sub_confirmation=1\n\n=== ϟ || Friends || ϟ ===\n⭑ @Nicovald \n⭑@helloiamkate \n⭑ @PatP \n⭑ @Biffle \n⭑ @Lookumz \n⭑ @Zud \n⭑ @Sigils \n⭑ @Henwy \n\nMod By https://doublejump.com\n\n• Video Editor ► Russell\nhttps://www.youtube.com/russelledits\n\n• Thumbnail Maker ► Flash\nhttps://www.youtube.com/channel/UCLy01oVLarj7RNQm52jnGKw\n\n• Animator ► David\nhttps://www.youtube.com/channel/UCxSSIQevKsx2bFc_Gn4WAMg?view_as=subscriber\n\n• Discord: https://discord.gg/ssundee\n\n\u200b\u200b• Music by Ninety9 ► LivesTobu - Such Fun\nVideo Link: https://www.youtube.com/watch?v=d3Oc26AFDdU\nChannel: https://99l.tv/Subscribe\nDownload the album! https://99l.tv/Levelup-i\n\n#ssundee #amongus  #gaming \n\nThanks for watching!"
        },
        "defaultAudioLanguage": "en"
      }
    }
  ],
  "nextPageToken": "CBkQAA",
  "pageInfo": {
    "totalResults": 200,
    "resultsPerPage": 25
  }
}
